file1,"pk;id_volcan;est;componente;code_macroevent;code_event;id_tecnica;fecha_pick;autor;t_p;t_s;c_p;c_s;inicio;snr;polar;fecha_cr;descrip;label_event;amplitud;coda;frecuencia
1;99;FRE;Z;20171116_001222.972 ;FREZ16-11-2017_00:12:19.862;MJo;2021-08-03 17:13:03.022 ;4Testing;2017-11-16T00:12:22.972Z;2017-11-16T00:12:23.652Z;0;0;0;20.2212;nn;0025-07-2T 00:00:00Z; ;OT;3.1792;2017-11-16 00:12:31 ;2.4098
2;99;SHG;Z;20171116_003248.822 ;SHGZ16-11-2017_00:32:46.183;MJo;2021-08-03 17:13:03.025 ;4Testing;2017-11-16T00:32:48.822Z;2017-11-16T00:32:49.882Z;0;0;0;14.2382;nn;0025-07-2T 00:00:00Z; ;LP;3.7191;2017-11-16 00:32:55 ;6.4666
3;99;FRE;Z;20171116_003248.822 ;FREZ16-11-2017_00:32:45.162;MJo;2021-08-03 17:13:03.034 ;4Testing;2017-11-16T00:32:49.102Z;2017-11-16T00:32:49.812Z;0;0;0;30.7122;nn;0025-07-2T 00:00:00Z; ;LP;4.7786;2017-11-16 00:32:57 ;6.5246
4;99;SHG;Z;20171116_010141.742 ;SHGZ16-11-2017_01:01:38.037;MJo;2021-08-03 17:13:03.036 ;4Testing;2017-11-16T01:01:41.742Z;2017-11-16T01:01:43.552Z;0;0;0;33.2111;nn;0025-07-2T 00:00:00Z; ;LP;8.8219;2017-11-16 01:01:58 ;1.2401
5;99;FRE;Z;20171116_010141.742 ;FREZ16-11-2017_01:01:38.080;MJo;2021-08-03 17:13:03.040 ;4Testing;2017-11-16T01:01:42.042Z;2017-11-16T01:01:42.852Z;0;0;0;38.63;nn;0025-07-2T 00:00:00Z; ;OT;13.8521;2017-11-16 01:02:00 ;1.4426
6;99;FRE;Z;20171116_035034.262 ;FREZ16-11-2017_03:50:30.845;MJo;2021-08-03 17:13:03.062 ;4Testing;2017-11-16T03:50:34.262Z;2017-11-16T03:50:35.332Z;0;0;0;17.5079;nn;0025-07-2T 00:00:00Z; ;LP;3.2113;2017-11-16 03:50:41 ;2.4426
7;99;SHG;Z;20171116_041221.102 ;SHGZ16-11-2017_04:12:17.752;MJo;2021-08-03 17:13:03.063 ;4Testing;2017-11-16T04:12:21.102Z;2017-11-16T04:12:21.583Z;0;0;0;3.3115;nn;0025-07-2T 00:00:00Z; ;VT;2.0829;2017-11-16 04:12:27 ;6.7003
8;99;SHG;Z;20171116_051228.372 ;SHGZ16-11-2017_05:12:24.118;MJo;2021-08-03 17:13:03.064 ;4Testing;2017-11-16T05:12:28.372Z;2017-11-16T05:12:29.402Z;0;0;0;33.5641;nn;0025-07-2T 00:00:00Z; ;LP;9.4511;2017-11-16 05:12:41 ;1.5085
9;99;FRE;Z;20171116_051228.372 ;FREZ16-11-2017_05:12:24.174;MJo;2021-08-03 17:13:03.065 ;4Testing;2017-11-16T05:12:28.412Z;2017-11-16T05:12:29.052Z;0;0;0;39.446;nn;0025-07-2T 00:00:00Z; ;OT;14.9467;2017-11-16 05:12:42 ;1.5574
10;99;FRE;Z;20171116_053913.522 ;FREZ16-11-2017_05:39:09.929;MJo;2021-08-03 17:13:03.067 ;4Testing;2017-11-16T05:39:13.522Z;2017-11-16T05:39:14.412Z;0;0;0;22.7849;nn;0025-07-2T 00:00:00Z; ;LP;2.7635;2017-11-16 05:39:20 ;1.541
11;99;FRE;Z;20171116_082725.972 ;FREZ16-11-2017_08:27:22.838;MJo;2021-08-03 17:13:03.069 ;4Testing;2017-11-16T08:27:25.972Z;2017-11-16T08:27:27.032Z;0;0;0;23.9071;nn;0025-07-2T 00:00:00Z; ;OT;1.9445;2017-11-16 08:27:32 ;1.5738
12;99;SHG;Z;20171116_114002.172 ;SHGZ16-11-2017_11:39:59.847;MJo;2021-08-03 17:13:03.070 ;4Testing;2017-11-16T11:40:02.172Z;2017-11-16T11:40:04.052Z;0;0;0;20.7876;nn;0025-07-2T 00:00:00Z; ;LP;1.8201;2017-11-16 11:40:08 ;1.5097
13;99;FRE;Z;20171116_114002.172 ;FREZ16-11-2017_11:39:58.350;MJo;2021-08-03 17:13:03.071 ;4Testing;2017-11-16T11:40:02.683Z;2017-11-16T11:40:03.073Z;0;0;0;31.3977;nn;0025-07-2T 00:00:00Z; ;LP;4.2733;2017-11-16 11:40:13 ;1.5641
14;99;FRE;Z;20171116_120551.582 ;FREZ16-11-2017_12:05:47.372;MJo;2021-08-03 17:13:03.072 ;4Testing;2017-11-16T12:05:51.582Z;2017-11-16T12:05:52.402Z;0;0;0;43.4542;nn;0025-07-2T 00:00:00Z; ;LP;13.503;2017-11-16 12:06:09 ;2.7213
15;99;SHG;Z;20171116_120551.582 ;SHGZ16-11-2017_12:05:47.170;MJo;2021-08-03 17:13:03.073 ;4Testing;2017-11-16T12:05:51.792Z;2017-11-16T12:05:53.642Z;0;0;0;32.6126;nn;0025-07-2T 00:00:00Z; ;LP;9.0006;2017-11-16 12:06:11 ;2.2706
16;99;FRE;Z;20171116_122840.782 ;FREZ16-11-2017_12:28:36.741;MJo;2021-08-03 17:13:03.074 ;4Testing;2017-11-16T12:28:40.782Z;2017-11-16T12:28:41.882Z;0;0;0;26.9925;nn;0025-07-2T 00:00:00Z; ;OT;3.153;2017-11-16 12:28:47 ;1.5574
17;99;SHG;Z;20171116_140442.942 ;SHGZ16-11-2017_14:04:40.184;MJo;2021-08-03 17:13:03.075 ;4Testing;2017-11-16T14:04:42.942Z;2017-11-16T14:04:45.032Z;0;0;0;9.0228;nn;0025-07-2T 00:00:00Z; ;VT;3.4035;2017-11-16 14:04:50 ;6.2183
18;99;FRE;Z;20171116_163644.792 ;FREZ16-11-2017_16:36:40.743;MJo;2021-08-03 17:13:03.076 ;4Testing;2017-11-16T16:36:44.792Z;2017-11-16T16:36:45.902Z;0;0;0;19.9562;nn;0025-07-2T 00:00:00Z; ;OT;2.2341;2017-11-16 16:36:52 ;1.5574
19;99;FRE;Z;20171116_172221.252 ;FREZ16-11-2017_17:22:16.862;MJo;2021-08-03 17:13:03.076 ;4Testing;2017-11-16T17:22:21.252Z;2017-11-16T17:22:22.252Z;0;0;0;28.4354;nn;0025-07-2T 00:00:00Z; ;OT;3.842;2017-11-16 17:22:32 ;1.5574
20;99;SHG;Z;20171116_172221.252 ;SHGZ16-11-2017_17:22:18.454;MJo;2021-08-03 17:13:03.077 ;4Testing;2017-11-16T17:22:21.442Z;2017-11-16T17:22:23.072Z;0;0;0;20.9583;nn;0025-07-2T 00:00:00Z; ;OT;2.4964;2017-11-16 17:22:28 ;1.2518
21;99;FRE;Z;20171116_173437.572 ;FREZ16-11-2017_17:34:33.424;MJo;2021-08-03 17:13:03.078 ;4Testing;2017-11-16T17:34:37.572Z;2017-11-16T17:34:38.492Z;0;0;0;26.2644;nn;0025-07-2T 00:00:00Z; ;LP;3.266;2017-11-16 17:34:45 ;1.4426
22;99;SHG;Z;20171116_173437.572 ;SHGZ16-11-2017_17:34:34.597;MJo;2021-08-03 17:13:03.079 ;4Testing;2017-11-16T17:34:37.772Z;2017-11-16T17:34:39.542Z;0;0;0;9.3724;nn;0025-07-2T 00:00:00Z; ;LP;2.1478;2017-11-16 17:34:43 ;1.2519
23;99;FRE;Z;20171116_181949.332 ;FREZ16-11-2017_18:19:44.988;MJo;2021-08-03 17:13:03.080 ;4Testing;2017-11-16T18:19:49.332Z;2017-11-16T18:19:50.332Z;0;0;0;25.052;nn;0025-07-2T 00:00:00Z; ;OT;4.4107;2017-11-16 18:20:00 ;2.3934
24;99;SHG;Z;20171116_181949.332 ;SHGZ16-11-2017_18:19:46.287;MJo;2021-08-03 17:13:03.081 ;4Testing;2017-11-16T18:19:49.492Z;2017-11-16T18:19:51.412Z;0;0;0;20.681;nn;0025-07-2T 00:00:00Z; ;OT;2.4291;2017-11-16 18:19:56 ;3.0259
25;99;FRE;Z;20171116_184905.512 ;FREZ16-11-2017_18:49:00.199;MJo;2021-08-03 17:13:03.082 ;4Testing;2017-11-16T18:49:05.512Z;2017-11-16T18:49:03.242Z;0;0;0;-0.34055;nn;0025-07-2T 00:00:00Z; ;OT;2.0602;2017-11-16 18:49:09 ;1.5574
26;99;FRE;Z;20171116_195546.982 ;FREZ16-11-2017_19:55:43.499;MJo;2021-08-03 17:13:03.083 ;4Testing;2017-11-16T19:55:46.982Z;2017-11-16T19:55:48.142Z;0;0;0;21.4965;nn;0025-07-2T 00:00:00Z; ;LP;2.4146;2017-11-16 19:55:54 ;1.5738
27;99;FRE;Z;20171116_201253.742 ;FREZ16-11-2017_20:12:49.126;MJo;2021-08-03 17:13:03.084 ;4Testing;2017-11-16T20:12:53.742Z;2017-11-16T20:12:54.942Z;0;0;0;25.766;nn;0025-07-2T 00:00:00Z; ;OT;3.3496;2017-11-16 20:13:05 ;1.377
28;99;SHG;Z;20171116_201253.742 ;SHGZ16-11-2017_20:12:50.766;MJo;2021-08-03 17:13:03.084 ;4Testing;2017-11-16T20:12:53.922Z;2017-11-16T20:12:55.432Z;0;0;0;18.9468;nn;0025-07-2T 00:00:00Z; ;OT;2.9032;2017-11-16 20:13:03 ;1.3909
29;99;SHG;Z;20171116_202347.832 ;SHGZ16-11-2017_20:23:44.466;MJo;2021-08-03 17:13:03.085 ;4Testing;2017-11-16T20:23:47.832Z;2017-11-16T20:23:49.762Z;0;0;0;14.7516;nn;0025-07-2T 00:00:00Z; ;LP;3.1098;2017-11-16 20:23:57 ;1.3936
30;99;FRE;Z;20171116_202347.832 ;FREZ16-11-2017_20:23:43.515;MJo;2021-08-03 17:13:03.086 ;4Testing;2017-11-16T20:23:48.042Z;2017-11-16T20:23:49.282Z;0;0;0;15.356;nn;0025-07-2T 00:00:00Z; ;OT;4.6469;2017-11-16 20:23:59 ;1.377
31;99;SHG;Z;20171116_210430.612 ;SHGZ16-11-2017_21:04:26.793;MJo;2021-08-03 17:13:03.087 ;4Testing;2017-11-16T21:04:30.612Z;2017-11-16T21:04:34.253Z;0;0;0;-5.9085;nn;0025-07-2T 00:00:00Z; ;OT;2.8813;2017-11-16 21:04:38 ;5.8653
32;99;FRE;Z;20171116_210430.612 ;FREZ16-11-2017_21:04:26.074;MJo;2021-08-03 17:13:03.088 ;4Testing;2017-11-16T21:04:31.052Z;2017-11-16T21:04:31.102Z;0;0;0;-4.4737;nn;0025-07-2T 00:00:00Z; ;OT;2.6608;2017-11-16 21:04:37 ;2.4754
33;99;FRE;Z;20171116_213413.452 ;FREZ16-11-2017_21:34:09.659;MJo;2021-08-03 17:13:03.089 ;4Testing;2017-11-16T21:34:13.452Z;2017-11-16T21:34:14.912Z;0;0;0;-2.3721;nn;0025-07-2T 00:00:00Z; ;LP;2.3739;2017-11-16 21:34:19 ;5.8852
34;99;FRE;Z;20171116_215526.372 ;FREZ16-11-2017_21:55:21.255;MJo;2021-08-03 17:13:03.090 ;4Testing;2017-11-16T21:55:26.372Z;2017-11-16T21:55:27.562Z;0;0;0;33.9779;nn;0025-07-2T 00:00:00Z; ;LP;6.6319;2017-11-16 21:55:37 ;2.3934
35;99;SHG;Z;20171116_215526.372 ;SHGZ16-11-2017_21:55:21.436;MJo;2021-08-03 17:13:03.090 ;4Testing;2017-11-16T21:55:26.542Z;2017-11-16T21:55:28.062Z;0;0;0;23.2484;nn;0025-07-2T 00:00:00Z; ;LP;4.481;2017-11-16 21:55:39 ;2.2614
36;99;SHG;Z;20171116_224949.932 ;SHGZ16-11-2017_22:49:45.678;MJo;2021-08-03 17:13:03.091 ;4Testing;2017-11-16T22:49:49.932Z;2017-11-16T22:49:50.872Z;0;0;0;15.5436;nn;0025-07-2T 00:00:00Z; ;LP;2.3798;2017-11-16 22:49:56 ;5.5591
37;99;FRE;Z;20171116_224949.932 ;FREZ16-11-2017_22:49:46.061;MJo;2021-08-03 17:13:03.092 ;4Testing;2017-11-16T22:49:50.052Z;2017-11-16T22:49:50.612Z;0;0;0;19.4922;nn;0025-07-2T 00:00:00Z; ;OT;2.5405;2017-11-16 22:49:55 ;7.0164
38;99;FRE;Z;20171117_004641.472 ;FREZ17-11-2017_00:46:37.468;MJo;2021-08-03 17:13:03.093 ;4Testing;2017-11-17T00:46:41.472Z;2017-11-17T00:46:40.202Z;0;0;0;-1.217;nn;0025-07-2T 00:00:00Z; ;OT;2.3685;2017-11-17 00:46:46 ;5.6721
39;99;SHG;Z;20171117_005423.072 ;SHGZ17-11-2017_00:54:19.929;MJo;2021-08-03 17:13:03.094 ;4Testing;2017-11-17T00:54:23.072Z;2017-11-17T00:54:24.022Z;0;0;0;15.3481;nn;0025-07-2T 00:00:00Z; ;VT;3.0122;2017-11-17 00:54:31 ;6.276
40;99;FRE;Z;20171117_014442.042 ;FREZ17-11-2017_01:44:38.602;MJo;2021-08-03 17:13:03.095 ;4Testing;2017-11-17T01:44:42.042Z;2017-11-17T01:44:42.942Z;0;0;0;22.0801;nn;0025-07-2T 00:00:00Z; ;OT;5.8319;2017-11-17 01:44:53 ;2.3934
41;99;SHG;Z;20171117_014442.042 ;SHGZ17-11-2017_01:44:39.634;MJo;2021-08-03 17:13:03.096 ;4Testing;2017-11-17T01:44:42.102Z;2017-11-17T01:44:43.852Z;0;0;0;13.8628;nn;0025-07-2T 00:00:00Z; ;OT;2.8032;2017-11-17 01:44:50 ;2.2611
42;99;FRE;Z;20171117_021835.233 ;FREZ17-11-2017_02:18:21.133;MJo;2021-08-03 17:13:03.097 ;4Testing;2017-11-17T02:18:35.233Z;2017-11-17T02:18:47.965Z;0;0;0;-3.2773;nn;0025-07-2T 00:00:00Z; ;TR;1.8757;2017-11-17 02:18:30 ;1.3684
43;99;FRE;Z;20171117_021925.252 ;FREZ17-11-2017_02:19:17.209;MJo;2021-08-03 17:13:03.097 ;4Testing;2017-11-17T02:19:25.252Z;2017-11-17T02:19:25.022Z;0;0;0;-10.0861;nn;0025-07-2T 00:00:00Z; ;TR;4.9434;2017-11-17 02:19:41 ;1.623
44;99;SHG;Z;20171117_021925.252 ;SHGZ17-11-2017_02:19:16.051;MJo;2021-08-03 17:13:03.099 ;4Testing;2017-11-17T02:19:25.503Z;2017-11-17T02:19:34.124Z;0;0;0;-10.098;nn;0025-07-2T 00:00:00Z; ;TR;2.9261;2017-11-17 02:19:45 ;1.296
45;99;SHG;Z;20171117_021925.252 ;SHGZ17-11-2017_02:18:47.134;MJo;2021-08-03 17:13:03.099 ;4Testing;2017-11-17T02:19:25.507Z;2017-11-17T02:19:34.178Z;0;0;0;-1.6326;nn;0025-07-2T 00:00:00Z; ;TR;2.9261;2017-11-17 02:19:01 ;1.5556
46;99;FRE;Z;20171117_024032.012 ;FREZ17-11-2017_02:40:28.187;MJo;2021-08-03 17:13:03.100 ;4Testing;2017-11-17T02:40:32.012Z;2017-11-17T02:40:32.732Z;0;0;0;29.6034;nn;0025-07-2T 00:00:00Z; ;LP;6.7268;2017-11-17 02:40:44 ;1.4426
47;99;SHG;Z;20171117_024032.012 ;SHGZ17-11-2017_02:40:29.109;MJo;2021-08-03 17:13:03.101 ;4Testing;2017-11-17T02:40:32.782Z;2017-11-17T02:40:33.772Z;0;0;0;18.5333;nn;0025-07-2T 00:00:00Z; ;LP;4.244;2017-11-17 02:40:44 ;1.401
48;99;FRE;Z;20171117_045700.982 ;FREZ17-11-2017_04:56:57.230;MJo;2021-08-03 17:13:03.102 ;4Testing;2017-11-17T04:57:00.982Z;2017-11-17T04:57:01.442Z;0;0;0;29.7366;nn;0025-07-2T 00:00:00Z; ;LP;6.5641;2017-11-17 04:57:15 ;2.3934
49;99;SHG;Z;20171117_045700.982 ;SHGZ17-11-2017_04:56:57.310;MJo;2021-08-03 17:13:03.103 ;4Testing;2017-11-17T04:57:01.182Z;2017-11-17T04:57:02.862Z;0;0;0;24.8967;nn;0025-07-2T 00:00:00Z; ;LP;6.9089;2017-11-17 04:57:14 ;6.7031
50;99;SHG;Z;20171117_053504.152 ;SHGZ17-11-2017_05:35:02.728;MJo;2021-08-03 17:13:03.105 ;4Testing;2017-11-17T05:35:04.152Z;2017-11-17T05:35:06.272Z;0;0;0;16.096;nn;0025-07-2T 00:00:00Z; ;OT;2.1873;2017-11-17 05:35:11 ;1.2465
51;99;FRE;Z;20171117_053504.152 ;FREZ17-11-2017_05:35:01.879;MJo;2021-08-03 17:13:03.106 ;4Testing;2017-11-17T05:35:05.182Z;2017-11-17T05:35:06.932Z;0;0;0;16.5064;nn;0025-07-2T 00:00:00Z; ;LP;3.3794;2017-11-17 05:35:16 ;1.5574
52;99;SHG;Z;20171117_061222.172 ;SHGZ17-11-2017_06:12:19.008;MJo;2021-08-03 17:13:03.108 ;4Testing;2017-11-17T06:12:22.172Z;2017-11-17T06:12:23.192Z;0;0;0;-10.3493;nn;0025-07-2T 00:00:00Z; ;LP;2.944;2017-11-17 06:12:29 ;2.2513
53;99;FRE;Z;20171117_061222.172 ;FREZ17-11-2017_06:12:17.970;MJo;2021-08-03 17:13:03.109 ;4Testing;2017-11-17T06:12:22.392Z;2017-11-17T06:12:22.622Z;0;0;0;-6.5136;nn;0025-07-2T 00:00:00Z; ;LP;5.814;2017-11-17 06:12:30 ;2.4098
54;99;SHG;Z;20171117_063924.042 ;SHGZ17-11-2017_06:39:20.118;MJo;2021-08-03 17:13:03.111 ;4Testing;2017-11-17T06:39:24.042Z;2017-11-17T06:39:24.222Z;0;0;0;21.2477;nn;0025-07-2T 00:00:00Z; ;OT;2.9492;2017-11-17 06:39:40 ;6.0535
55;99;FRE;Z;20171117_090321.462 ;FREZ17-11-2017_09:03:17.684;MJo;2021-08-03 17:13:03.112 ;4Testing;2017-11-17T09:03:21.462Z;2017-11-17T09:03:21.912Z;0;0;0;13.3205;nn;0025-07-2T 00:00:00Z; ;LP;2.3943;2017-11-17 09:03:26 ;7.4098
56;99;SHG;Z;20171117_102847.375 ;SHGZ17-11-2017_10:28:19.724;MJo;2021-08-03 17:13:03.114 ;4Testing;2017-11-17T10:28:47.375Z;2017-11-17T10:28:51.796Z;0;0;0;-4.7054;nn;0025-07-2T 00:00:00Z; ;OT;2.563;2017-11-17 10:28:28 ;1.6181
57;99;SHG;Z;20171117_102934.818 ;SHGZ17-11-2017_10:28:46.155;MJo;2021-08-03 17:13:03.115 ;4Testing;2017-11-17T10:29:34.818Z;2017-11-17T10:28:51.823Z;0;0;0;-0.071167;nn;0025-07-2T 00:00:00Z; ;OT;2.563;2017-11-17 10:28:56 ;1.6275
58;99;FRE;Z;20171117_103336.999 ;FREZ17-11-2017_10:32:42.923;MJo;2021-08-03 17:13:03.116 ;4Testing;2017-11-17T10:33:36.999Z;2017-11-17T10:32:46.742Z;0;0;0;-0.80613;nn;0025-07-2T 00:00:00Z; ;OT;2.016;2017-11-17 10:32:51 ;4.1967
59;99;SHG;Z;20171117_111015.282 ;SHGZ17-11-2017_11:10:12.967;MJo;2021-08-03 17:13:03.117 ;4Testing;2017-11-17T11:10:15.282Z;2017-11-17T11:10:17.523Z;0;0;0;16.9279;nn;0025-07-2T 00:00:00Z; ;OT;2.0326;2017-11-17 11:10:22 ;2.796
60;99;FRE;Z;20171117_111015.282 ;FREZ17-11-2017_11:10:11.772;MJo;2021-08-03 17:13:03.118 ;4Testing;2017-11-17T11:10:15.742Z;2017-11-17T11:10:16.742Z;0;0;0;13.5815;nn;0025-07-2T 00:00:00Z; ;OT;3.4076;2017-11-17 11:10:22 ;1.5574
61;99;FRE;Z;20171117_131304.482 ;FREZ17-11-2017_13:13:00.776;MJo;2021-08-03 17:13:03.119 ;4Testing;2017-11-17T13:13:04.482Z;2017-11-17T13:13:05.192Z;0;0;0;12.8645;nn;0025-07-2T 00:00:00Z; ;OT;2.5852;2017-11-17 13:13:09 ;3.1148
62;99;SHG;Z;20171117_131304.482 ;SHGZ17-11-2017_13:13:02.559;MJo;2021-08-03 17:13:03.121 ;4Testing;2017-11-17T13:13:04.652Z;2017-11-17T13:13:06.983Z;0;0;0;9.0799;nn;0025-07-2T 00:00:00Z; ;LP;2.4867;2017-11-17 13:13:11 ;4.7262
63;99;FRE;Z;20171117_133151.962 ;FREZ17-11-2017_13:31:47.040;MJo;2021-08-03 17:13:03.122 ;4Testing;2017-11-17T13:31:51.962Z;2017-11-17T13:31:50.632Z;0;0;0;-2.2868;nn;0025-07-2T 00:00:00Z; ;OT;2.5081;2017-11-17 13:31:56 ;5.7377
64;99;FRE;Z;20171117_145841.452 ;FREZ17-11-2017_14:58:37.210;MJo;2021-08-03 17:13:03.123 ;4Testing;2017-11-17T14:58:41.452Z;2017-11-17T14:58:42.852Z;0;0;0;29.2525;nn;0025-07-2T 00:00:00Z; ;OT;3.3329;2017-11-17 14:58:49 ;1.5574
65;99;SHG;Z;20171117_145841.452 ;SHGZ17-11-2017_14:58:38.791;MJo;2021-08-03 17:13:03.124 ;4Testing;2017-11-17T14:58:41.842Z;2017-11-17T14:58:43.182Z;0;0;0;20.2628;nn;0025-07-2T 00:00:00Z; ;OT;2.6318;2017-11-17 14:58:48 ;1.578
66;99;SHG;Z;20171117_153351.852 ;SHGZ17-11-2017_15:33:49.583;MJo;2021-08-03 17:13:03.125 ;4Testing;2017-11-17T15:33:51.852Z;2017-11-17T15:33:52.732Z;0;0;0;20.6324;nn;0025-07-2T 00:00:00Z; ;OT;1.8944;2017-11-17 15:33:58 ;1.6001
67;99;FRE;Z;20171117_153351.852 ;FREZ17-11-2017_15:33:48.090;MJo;2021-08-03 17:13:03.125 ;4Testing;2017-11-17T15:33:51.972Z;2017-11-17T15:33:52.912Z;0;0;0;23.6956;nn;0025-07-2T 00:00:00Z; ;OT;2.8118;2017-11-17 15:34:03 ;1.5738
68;99;FRE;Z;20171117_161022.032 ;FREZ17-11-2017_16:10:18.671;MJo;2021-08-03 17:13:03.126 ;4Testing;2017-11-17T16:10:22.032Z;2017-11-17T16:10:23.262Z;0;0;0;24.3803;nn;0025-07-2T 00:00:00Z; ;OT;2.2943;2017-11-17 16:10:29 ;1.459
69;99;FRE;Z;20171117_172031.642 ;FREZ17-11-2017_17:20:27.427;MJo;2021-08-03 17:13:03.127 ;4Testing;2017-11-17T17:20:31.642Z;2017-11-17T17:20:32.372Z;0;0;0;23.8829;nn;0025-07-2T 00:00:00Z; ;LP;3.7348;2017-11-17 17:20:38 ;1.9836
70;99;SHG;Z;20171117_172031.642 ;SHGZ17-11-2017_17:20:27.946;MJo;2021-08-03 17:13:03.128 ;4Testing;2017-11-17T17:20:31.872Z;2017-11-17T17:20:33.352Z;0;0;0;10.8802;nn;0025-07-2T 00:00:00Z; ;OT;3.1548;2017-11-17 17:20:40 ;2.5654
71;99;SHG;Z;20171117_173702.792 ;SHGZ17-11-2017_17:36:59.277;MJo;2021-08-03 17:13:03.129 ;4Testing;2017-11-17T17:37:02.792Z;2017-11-17T17:37:04.272Z;0;0;0;9.5415;nn;0025-07-2T 00:00:00Z; ;OT;2.9881;2017-11-17 17:37:09 ;4.7557
72;99;FRE;Z;20171117_173702.792 ;FREZ17-11-2017_17:36:59.586;MJo;2021-08-03 17:13:03.130 ;4Testing;2017-11-17T17:37:03.062Z;2017-11-17T17:37:05.752Z;0;0;0;25.8178;nn;0025-07-2T 00:00:00Z; ;LP;3.6437;2017-11-17 17:37:10 ;2.2295
73;99;SHG;Z;20171117_182838.232 ;SHGZ17-11-2017_18:28:33.940;MJo;2021-08-03 17:13:03.131 ;4Testing;2017-11-17T18:28:38.232Z;2017-11-17T18:28:38.712Z;0;0;0;13.2063;nn;0025-07-2T 00:00:00Z; ;OT;2.1077;2017-11-17 18:28:42 ;5.5539
74;99;FRE;Z;20171117_185730.702 ;FREZ17-11-2017_18:57:26.349;MJo;2021-08-03 17:13:03.132 ;4Testing;2017-11-17T18:57:30.702Z;2017-11-17T18:57:31.572Z;0;0;0;24.3491;nn;0025-07-2T 00:00:00Z; ;LP;3.0071;2017-11-17 18:57:38 ;1.4426
75;99;SHG;Z;20171117_185730.702 ;SHGZ17-11-2017_18:57:27.761;MJo;2021-08-03 17:13:03.133 ;4Testing;2017-11-17T18:57:30.982Z;2017-11-17T18:57:32.962Z;0;0;0;20.7347;nn;0025-07-2T 00:00:00Z; ;LP;3.3667;2017-11-17 18:57:38 ;3.0041
76;99;FRE;Z;20171117_193429.962 ;FREZ17-11-2017_19:34:25.251;MJo;2021-08-03 17:13:03.133 ;4Testing;2017-11-17T19:34:29.962Z;2017-11-17T19:34:31.432Z;0;0;0;30.6599;nn;0025-07-2T 00:00:00Z; ;LP;4.3408;2017-11-17 19:34:41 ;1.5738
77;99;SHG;Z;20171117_193429.962 ;SHGZ17-11-2017_19:34:27.001;MJo;2021-08-03 17:13:03.134 ;4Testing;2017-11-17T19:34:30.152Z;2017-11-17T19:34:31.762Z;0;0;0;12.9997;nn;0025-07-2T 00:00:00Z; ;OT;2.3895;2017-11-17 19:34:39 ;1.6077
78;99;FRE;Z;20171117_195143.612 ;FREZ17-11-2017_19:51:39.999;MJo;2021-08-03 17:13:03.135 ;4Testing;2017-11-17T19:51:43.612Z;2017-11-17T19:51:45.152Z;0;0;0;6.8789;nn;0025-07-2T 00:00:00Z; ;LP;2.576;2017-11-17 19:51:49 ;2.0492
79;99;FRE;Z;20171117_204251.182 ;FREZ17-11-2017_20:42:47.378;MJo;2021-08-03 17:13:03.136 ;4Testing;2017-11-17T20:42:51.182Z;2017-11-17T20:42:52.632Z;0;0;0;3.722;nn;0025-07-2T 00:00:00Z; ;OT;2.4275;2017-11-17 20:42:59 ;3.1311
80;99;SHG;Z;20171117_204251.182 ;SHGZ17-11-2017_20:42:49.135;MJo;2021-08-03 17:13:03.137 ;4Testing;2017-11-17T20:42:52.372Z;2017-11-17T20:42:54.392Z;0;0;0;2.2476;nn;0025-07-2T 00:00:00Z; ;LP;3.0534;2017-11-17 20:42:59 ;2.9792
81;99;FRE;Z;20171117_210036.082 ;FREZ17-11-2017_21:00:32.178;MJo;2021-08-03 17:13:03.138 ;4Testing;2017-11-17T21:00:36.082Z;2017-11-17T21:00:37.502Z;0;0;0;24.489;nn;0025-07-2T 00:00:00Z; ;LP;3.1615;2017-11-17 21:00:46 ;1.5738
82;99;FRE;Z;20171117_211247.072 ;FREZ17-11-2017_21:12:42.959;MJo;2021-08-03 17:13:03.139 ;4Testing;2017-11-17T21:12:47.072Z;2017-11-17T21:12:47.982Z;0;0;0;6.9901;nn;0025-07-2T 00:00:00Z; ;OT;3.3137;2017-11-17 21:12:56 ;3.1148
83;99;FRE;Z;20171117_221245.522 ;FREZ17-11-2017_22:12:40.978;MJo;2021-08-03 17:13:03.140 ;4Testing;2017-11-17T22:12:45.522Z;2017-11-17T22:12:46.722Z;0;0;0;28.9119;nn;0025-07-2T 00:00:00Z; ;OT;4.2658;2017-11-17 22:12:56 ;1.5574
84;99;SHG;Z;20171117_221245.522 ;SHGZ17-11-2017_22:12:41.688;MJo;2021-08-03 17:13:03.141 ;4Testing;2017-11-17T22:12:45.662Z;2017-11-17T22:12:47.012Z;0;0;0;22.8509;nn;0025-07-2T 00:00:00Z; ;OT;2.4777;2017-11-17 22:12:54 ;1.5954
85;99;FRE;Z;20171117_223908.742 ;FREZ17-11-2017_22:39:03.960;MJo;2021-08-03 17:13:03.141 ;4Testing;2017-11-17T22:39:08.742Z;2017-11-17T22:39:11.492Z;0;0;0;30.5019;nn;0025-07-2T 00:00:00Z; ;LP;7.6536;2017-11-17 22:39:20 ;4.7869
86;99;SHG;Z;20171117_223908.742 ;SHGZ17-11-2017_22:39:03.677;MJo;2021-08-03 17:13:03.142 ;4Testing;2017-11-17T22:39:08.852Z;2017-11-17T22:39:10.492Z;0;0;0;26.5115;nn;0025-07-2T 00:00:00Z; ;LP;4.5613;2017-11-17 22:39:17 ;5.2245
87;99;FRE;Z;20171117_231636.212 ;FREZ17-11-2017_23:16:32.851;MJo;2021-08-03 17:13:03.143 ;4Testing;2017-11-17T23:16:36.212Z;2017-11-17T23:16:38.222Z;0;0;0;25.3724;nn;0025-07-2T 00:00:00Z; ;LP;1.7171;2017-11-17 23:16:41 ;2.0492
88;99;FRE;Z;20171117_234108.302 ;FREZ17-11-2017_23:41:04.580;MJo;2021-08-03 17:13:03.144 ;4Testing;2017-11-17T23:41:08.302Z;2017-11-17T23:41:10.062Z;0;0;0;29.5427;nn;0025-07-2T 00:00:00Z; ;LP;3.4814;2017-11-17 23:41:18 ;1.6066
89;99;FRE;Z;20171118_001416.972 ;FREZ18-11-2017_00:14:13.430;MJo;2021-08-03 17:13:03.145 ;4Testing;2017-11-18T00:14:16.972Z;2017-11-18T00:14:16.892Z;0;0;0;6.2295;nn;0025-07-2T 00:00:00Z; ;LP;2.3141;2017-11-18 00:14:23 ;1.377
90;99;FRE;Z;20171118_010618.202 ;FREZ18-11-2017_01:06:14.961;MJo;2021-08-03 17:13:03.146 ;4Testing;2017-11-18T01:06:18.202Z;2017-11-18T01:06:19.322Z;0;0;0;26.686;nn;0025-07-2T 00:00:00Z; ;OT;6.9207;2017-11-18 01:06:31 ;1.5574
91;99;FRE;Z;20171118_013115.122 ;FREZ18-11-2017_01:31:11.798;MJo;2021-08-03 17:13:03.147 ;4Testing;2017-11-18T01:31:15.122Z;2017-11-18T01:31:15.902Z;0;0;0;29.6087;nn;0025-07-2T 00:00:00Z; ;OT;5.7976;2017-11-18 01:31:28 ;3.918
92;99;FRE;Z;20171118_030021.972 ;FREZ18-11-2017_03:00:18.459;MJo;2021-08-03 17:13:03.148 ;4Testing;2017-11-18T03:00:21.972Z;2017-11-18T03:00:22.802Z;0;0;0;22.8016;nn;0025-07-2T 00:00:00Z; ;OT;3.256;2017-11-18 03:00:30 ;1.5574
93;99;FRE;Z;20171118_032416.062 ;FREZ18-11-2017_03:24:12.113;MJo;2021-08-03 17:13:03.149 ;4Testing;2017-11-18T03:24:16.062Z;2017-11-18T03:24:15.832Z;0;0;0;-0.30849;nn;0025-07-2T 00:00:00Z; ;LP;2.1388;2017-11-18 03:24:21 ;2.0492
94;99;FRE;Z;20171118_035152.072 ;FREZ18-11-2017_03:51:48.112;MJo;2021-08-03 17:13:03.149 ;4Testing;2017-11-18T03:51:52.072Z;2017-11-18T03:51:52.072Z;0;0;0;19.9405;nn;0025-07-2T 00:00:00Z; ;OT;2.4137;2017-11-18 03:51:57 ;1.4426
95;99;FRE;Z;20171118_063320.872 ;FREZ18-11-2017_06:33:16.862;MJo;2021-08-03 17:13:03.150 ;4Testing;2017-11-18T06:33:20.872Z;2017-11-18T06:33:22.062Z;0;0;0;38.4679;nn;0025-07-2T 00:00:00Z; ;LP;9.5506;2017-11-18 06:33:35 ;1.5574
96;99;FRE;Z;20171118_071306.612 ;FREZ18-11-2017_07:13:02.634;MJo;2021-08-03 17:13:03.151 ;4Testing;2017-11-18T07:13:06.612Z;2017-11-18T07:13:07.592Z;0;0;0;15.6393;nn;0025-07-2T 00:00:00Z; ;LP;7.9216;2017-11-18 07:13:19 ;1.5574
97;99;FRE;Z;20171118_071306.612 ;FREZ18-11-2017_07:12:51.511;MJo;2021-08-03 17:13:03.152 ;4Testing;2017-11-18T07:13:06.623Z;2017-11-18T07:13:07.604Z;0;0;0;4.992;nn;0025-07-2T 00:00:00Z; ;TR;7.9216;2017-11-18 07:13:00 ;1.5574
98;99;FRE;Z;20171118_083841.962 ;FREZ18-11-2017_08:38:37.839;MJo;2021-08-03 17:13:03.153 ;4Testing;2017-11-18T08:38:41.962Z;2017-11-18T08:38:43.262Z;0;0;0;39.7039;nn;0025-07-2T 00:00:00Z; ;OT;12.2466;2017-11-18 08:38:56 ;1.4426
99;99;FRE;Z;20171118_101822.072 ;FREZ18-11-2017_10:18:18.298;MJo;2021-08-03 17:13:03.154 ;4Testing;2017-11-18T10:18:22.072Z;2017-11-18T10:18:23.362Z;0;0;0;25.6491;nn;0025-07-2T 00:00:00Z; ;LP;4.454;2017-11-18 10:18:33 ;1.5738
100;99;FRE;Z;20171118_101822.072 ;FREZ16-11-2017_11:01:24.236;MJo;2021-08-03 17:13:03.155 ;4Testing;0000-01-00T00:00:00.000Z;0000-01-00T00:00:00.000Z;0;0;0;0;nn;0025-07-2T 00:00:00Z; ;OT;0.040692;2017-11-16 11:01:33 ;1
"
